probmax,energia,entropia,contraste,homogeneidade,correlacao,df01,df02,df03,df04,df05,df06,df07,df08,df09,df10
0.890374128851521,3.17034178175013,6.5716176171224,-30.7129899022437,3.76304934586401,0.00030352446061056,0.0879606602603602,0.0540590780493764,0.0252096142058536,0.0274713661921584,0.0128341271697431,0.00837372424071006,0.00459165042660484,0.00516286747775679,0.00474694756923231,0.00307480942393677
0.874335002692948,3.05605231787486,7.56143396285353,-37.1051952158663,3.72262223245045,0.000268692571829909,0.0183325142757933,0.0641922380636373,0.0213351158490625,0.028934652413586,0.012263060875406,0.0112299899510848,0.00356611493895844,0.00586153710536664,0.00374648636964241,0.00377850078446776
0.88498796746712,3.13069373707728,6.85342760134283,-27.9068889939748,3.74882866962454,0.000232954297907698,0.0182150918434176,0.0520099915128154,0.0199367052026811,0.0277502741468736,0.00935444886361097,0.0108287499100822,0.00382818239997997,0.0060793683886918,0.00358275610270878,0.00271570387341848
0.7646646581833,2.32154862004449,13.8784307675733,-109.018789473973,3.42956382241494,0.000166201729869237,0.052134951435294,0.0502852409934679,0.0452826616663216,0.0269327407229669,0.023572897582914,0.0255292779298245,0.00986644754413579,0.0183463666873192,0.010125625967824,0.019193205826887
0.897764519281096,3.22179527617412,6.21806574418637,-54.8235378125258,3.77587702004172,0.000259598389119525,0.0977825021104369,0.04955622789109,0.0293322641796964,0.0254984402214869,0.0151466649520436,0.00732787422646845,0.00575293168807401,0.00497250919887351,0.00566582862782717,0.00268232885018956
0.873853413410547,3.05215501690903,7.76877901517334,-54.8645805009387,3.70340810489225,0.000206031483432564,0.0188499671964279,0.0626320991457975,0.0217044709306135,0.0286358394658783,0.0119149646355502,0.0107165471563956,0.00338799933115981,0.0057367259147331,0.00350131337973023,0.00370278341028842
0.898407285516808,3.22679940481465,5.98524977637444,-24.0927502357371,3.79470281083843,0.000185302342527581,0.0178216821846548,0.0499540570022033,0.018861868235559,0.0246841246134943,0.00900533764424944,0.00954343902556649,0.00287030258186369,0.00456761064184445,0.00324894753616577,0.00325188324802263
0.885462352456362,3.13425788520588,6.97376743368927,-50.6777375380767,3.73653193343294,0.000287043691917801,0.0511333834611473,0.0604310922104324,0.02184715186727,0.0276717095046069,0.0131020950022617,0.0103941363442095,0.00444694833059305,0.00517472458233168,0.00421928643064919,0.00377705616206488
0.899367360762561,3.23428939481274,6.07523612828956,-31.9214940540432,3.7806493308258,0.000307906209969638,0.0586557930667736,0.054585341838221,0.0260697800099809,0.0267872681849421,0.0113016264836185,0.00991701893148063,0.00379371079965897,0.00617651212238446,0.00379169770335225,0.00303908894451496
0.905335850556439,3.27621041613879,5.52376148565608,-38.8206382560019,3.80783414913089,0.000177522912508152,0.0225090800659735,0.045185617386626,0.0234226578595959,0.0256999088770634,0.00977946425505877,0.0100788845844897,0.0024933551035468,0.00626110913212716,0.00300367224574412,0.0042639128962477
0.856187367027325,2.92990486828169,8.80883046367816,-42.7392806205756,3.66395732882621,0.000175964668105439,0.0390109791661388,0.0643106957785285,0.024896529983094,0.0278354301706477,0.0114461742911094,0.0103875077582075,0.00303558954649422,0.00586066064187101,0.00324245814929465,0.00392510349618275
0.847537945896964,2.87100942579553,9.02799557857754,-34.37295550482,3.6716590803247,0.000190466001855676,0.0222050286873186,0.0712528838872219,0.0233184058770492,0.0266984265920759,0.0117246861085435,0.0114836061268101,0.00293694850145318,0.00538875175414852,0.00285819974249756,0.00376438061242724
0.901710137596659,3.25117228718927,5.84991727089702,-36.7153678850577,3.79679772573191,0.000354536807881161,0.0227429488862586,0.0586653164200634,0.0229776740060036,0.028250151917281,0.0103952383658506,0.010494069542898,0.00362510370448297,0.00626852768296601,0.00390974398272822,0.00308795858412391
0.882861691181705,3.11696081505639,6.85771211668478,-34.4444439305882,3.76363185935997,0.000352721050936881,0.0251222240430014,0.0568852826738573,0.0230539230347935,0.029984346340819,0.00955179339538698,0.0106419303171397,0.00295378129214153,0.00696420716626228,0.00303916296501177,0.00345742170378628
0.907092032215185,3.28914268082535,5.48895033836426,-32.8839961885579,3.80636708873771,0.00013568847050597,0.0214526035957685,0.0402968472150525,0.0203841025060558,0.0189264019746331,0.0071973819830384,0.00708897376181781,0.00478574846892992,0.00678638566525757,0.00497590858590566,0.00550085634685461
0.888733685237192,3.15806390705511,6.76602573981457,-40.3923250177082,3.75731846099637,0.000291096328338033,0.0237866634277618,0.0580133039138248,0.0234368600789663,0.0289313592792559,0.0109477300783295,0.00999163829662266,0.00323010504921615,0.00609978037439343,0.00350397067158598,0.003619768446754
0.386318316194608,0.603617274265466,24.6858888604064,-5.9992645419548,3.35546674589438,0.000177992718833158,0.00908555439264434,0.0199100322024273,0.00892755667549979,0.00249486921219008,0.00327685403781907,0.00167413710293199,0.00201151385928048,0.000858320409671668,0.00169539572788089,0.000779950296503489
0.440115853560456,0.778797330240859,23.8181162259427,-6.63905474287177,3.32409302747309,0.000170599461106949,0.0911929749571257,0.0147798587458587,0.0127073085981505,0.013820789131196,0.00728071247796184,0.00891189985821856,0.0078978309802674,0.00872947778564593,0.00838062209632501,0.00762241554478447
0.324115979743845,0.428429606441706,26.695800878924,-4.67710851236065,3.26712808022912,0.000189292735926012,0.0519641236098874,0.0392964348906078,0.0340157344825504,0.0248525179374673,0.0234988872148666,0.019284910443586,0.016720317112112,0.0152762135787769,0.0134634267045822,0.0112995902991766
0.497326132637627,0.992763776963455,21.4185024420978,-7.76025753692,3.37231467946325,0.000162713625401444,0.00549307667847964,0.0044454520198203,0.00537705456751837,0.00244732873698556,0.000534329525711452,0.00199752333215052,0.000476054987504379,0.00186975588966105,0.000530772256904977,0.00163284969184401
0.260405366575173,0.278870035725502,29.2537806019607,-3.89122797594275,3.18266349180881,0.000196720647968161,0.00989956988301697,0.00914508850463326,0.00904599626980288,0.00547302382569863,0.00167715358414241,0.00277994697677844,0.00105088521041835,0.00155204393648962,0.000526408734013884,0.00142094787023966
0.196191083151225,0.160800874580788,31.7152503510365,-3.85989279979206,3.06160096525362,0.000218226591062551,0.0190946187401107,0.0297643031207009,0.0120691204423827,0.0253103119278961,0.0139839754505102,0.0115968642392578,0.00925947991386732,0.00590457500083873,0.00441238483477357,0.00592755577843141
0.510724597342272,1.04811379719716,20.3901180203855,-8.71196069572202,3.46714892262366,0.000161729336282697,0.00803647814165273,0.0205744522002113,0.00854284826153037,0.00237082759739386,0.00308225584087318,0.00233335078379115,0.000435244686609687,0.0016957961951614,0.00101323122604328,0.000662271654053762
0.876957016794762,3.06851762450037,7.1901968067155,-36.4814727628546,3.74140971946669,0.000119389439320382,0.169163980625191,0.0423428308187044,0.0275527583902228,0.0164887180914217,0.0080858054014334,0.00489538546328495,0.00440209454208474,0.00410525114508518,0.00428012103095964,0.00230662207154316
0.263950702780162,0.284264040697614,30.2959843500906,-5.13153084359562,3.03196013999087,0.000180870842766391,0.00737452113829259,0.00567633795168361,0.00771254259797504,0.00327415097225327,0.00472481868936757,0.0039156529469207,0.00517821557981009,0.0036825807679231,0.00436489795323016,0.00332170119048044
0.270081455625165,0.2967898602632,29.7777997096168,-4.7253735778696,3.11307547572283,0.00019138708457152,0.0389679198289216,0.0290949051650594,0.0324498082613728,0.0130559862751511,0.0137351769968778,0.0147031735613491,0.0168452935318741,0.0163909021721307,0.01281046809809,0.00980469927634082
0.622687334989417,1.55041048594592,17.1376735453785,-13.5744693936139,3.49076237542279,0.000139185658780244,0.00842684168942803,0.0179490681243092,0.00832697263644357,0.00313906854519697,0.00293041095241323,0.00303591730791,0.00254109933796563,0.00135444252307541,0.00265436803894608,0.000862152815192538
0.402471521562246,0.654917784739495,23.9429218948924,-4.59873630327698,3.38204199087446,0.000186063336784525,0.0114282703816364,0.0164933555838623,0.0117856325319292,0.00227597704732922,0.00440092110387523,0.00187071904880714,0.00202781840781656,0.00222397456224221,0.00118224241242034,0.00166325074436035
0.354189487366286,0.508378041046227,26.0580132979446,-5.46353346966053,3.29620298640358,0.000193904373389066,0.00538934111335279,0.0157383272269972,0.00552568497864499,0.00664791059120642,0.00184028991650453,0.00167839644339855,0.00139317880918124,0.00151595066571277,0.00126766336017076,0.00195356578473594
0.433715420588043,0.758636287138887,23.2012987483312,-6.86898421030048,3.38138624599973,0.000170120972137948,0.0670927242900141,0.0587133015407759,0.0561115823352103,0.0504642876327085,0.042753977658717,0.038494046159202,0.0328173753288932,0.032273248368956,0.0254166352671847,0.0215046825951067
0.82826868124179,2.73707429214888,10.0560007266206,-64.9489196042951,3.61664348991877,0.000154634197494069,0.0394786872636356,0.0998472482896787,0.0418367646702877,0.00853248168021387,0.0181979008491297,0.00999896720902267,0.0136197808414519,0.00765096249009975,0.0128273699465897,0.00539114007580512
0.819208784067823,2.67692565234367,10.4818606493394,-60.2476031989054,3.59517580450239,0.000148179789436535,0.0348153263870073,0.0919152666423974,0.035238179303457,0.00430258328053749,0.0168738329720587,0.00718718409143792,0.017011973157856,0.0102996890007074,0.0161421289471757,0.00778164867447554
0.830698232574601,2.75457602165808,9.8521219611469,-48.1244557132687,3.63608669587106,0.000164150117101829,0.0897353148841521,0.0891221858326939,0.0447601731743024,0.0126239501556922,0.0187232193071364,0.0138966897457036,0.0161408641292401,0.0122918598720681,0.0117818975670858,0.00610260525999734
0.850341829578052,2.88480628113297,8.81978801718183,-52.5631174010176,3.67410205696299,0.000164564675484641,0.0301980173952978,0.0896621256932706,0.0327143096980864,0.00645340402020074,0.0176913709213338,0.00796440406287272,0.0162422149555755,0.00939140832879935,0.0153227657320048,0.00834978928561202
0.757253904891032,2.28811496516865,12.7948634349788,-33.9799013929627,3.57268015501163,0.000144256943948695,0.095329179833316,0.0591003273430733,0.0280560961247703,0.0241911996290412,0.0172551565444628,0.00656014155971905,0.0151399498094882,0.0119697978483196,0.0120512767130743,0.0134654977416134
0.800330400855042,2.55845176012377,11.3571409024884,-40.3605328601463,3.5860468855104,0.000157829720694024,0.189544746394229,0.0754666284041531,0.0476839413939016,0.0211958338805421,0.00966519946828007,0.0113413444905746,0.0174433831105022,0.0148270265806673,0.0178900520889166,0.0104702214017544
0.745577446944744,2.21847157703414,13.4452061457014,-34.0302883776478,3.54822214014208,0.00014175017909149,0.160489739682379,0.0793315261828913,0.103978240002166,0.0492150228208201,0.0515359065876828,0.0448383581277866,0.0286925321619314,0.0263169418922235,0.0203626617832635,0.00529771642490827
0.718285722471016,2.05797698821316,14.4204248914625,-34.8032512117138,3.51349274178209,0.000142893994631919,0.251496326054561,0.0336951403894123,0.0524273986661229,0.021063650676213,0.0166031946642865,0.0155354379617879,0.0148961631262637,0.0167518598912735,0.0183820323115623,0.0139270118243142
0.79625884581032,2.51394583992076,11.2172331158029,-41.137217275888,3.57376118038167,0.000145893479554195,0.0754612081129995,0.0548934235750599,0.0801528187578399,0.0562985031866981,0.0461726492997413,0.0488017949239942,0.0369041531642598,0.033043596264398,0.025629070301341,0.00575339578723068
0.7795444667084,2.42385524031905,12.4712880205339,-69.7662224959841,3.52696081548918,0.000142589847924063,0.0750240037051293,0.105737113590181,0.0565797696485336,0.0238518202719202,0.0309233057644697,0.0230846752251882,0.0223732027226609,0.0274367205195303,0.0247551649445758,0.0217604744941926
0.829783593936353,2.74715984549159,9.85929847413623,-70.8349462983732,3.63327898667127,0.000156136898034799,0.0284227670048639,0.0951195864317291,0.0306175444442235,0.00689667872527249,0.0159757651906032,0.00737461366324053,0.0204022446243261,0.0126626633749907,0.0192279579901273,0.0109151916771398
0.831252587206737,2.75488064316758,9.69489165773146,-45.7961892266547,3.64502355163964,0.000155321288358394,0.111995676205382,0.0698520402574997,0.0942017103032037,0.0570991375611732,0.0531908903793883,0.0629775693651831,0.0575955261753605,0.0613958845119502,0.0564948607338026,0.05425296391728
0.815267916631965,2.64885023978696,10.6002188060956,-56.4531208314569,3.60456370039499,0.000160987587806308,0.115290504464662,0.0609996766576353,0.0816332645736148,0.0227326554012429,0.0147150061785144,0.0178769356132665,0.00529098860020182,0.0189358304832443,0.0148702270726652,0.0148601751151382
0.815897742541047,2.65397751351354,10.5656599842947,-69.3930700568635,3.60323804724899,0.000163137147676729,0.0367265541647255,0.0986837670092887,0.0399371945514932,0.0104715472432131,0.0188125645844096,0.0121765647035639,0.0143475140551226,0.00872052651102804,0.0134563007216048,0.00604637288881751
0.789963566316803,2.48938445867584,11.5053347217979,-41.142476562381,3.60140199947432,0.000143503342747885,0.128808307916084,0.0764655368388578,0.0341061275774167,0.0153214951599427,0.012483989598306,0.0100102790746149,0.00767237845893824,0.0118204904904119,0.00411741992426095,0.00741080187971461
0.74834867603868,2.23984845794899,12.6564406605346,-16.0619088230613,3.59635429928305,0.000136057062467713,0.0864712204245106,0.0945142286397876,0.0993341789291377,0.0922696248773487,0.0760554107910114,0.060040109176065,0.0499803331416393,0.0308269230242002,0.0263588757947088,0.0123407389187314
0.8359771836163,2.79052141492987,9.54565665725157,-53.4479136879756,3.65014633862124,0.000146816217091705,0.0823483466873611,0.0862854090921347,0.0239276212770678,0.00451091007988716,0.00913004981070338,0.00962274959519154,0.0101391911455042,0.012921126587659,0.00842596591794914,0.00970588349203566
0.916997043978298,3.35792508223964,5.10394877315243,-34.4648321682079,3.80723924496058,0.000116890959441128,0.0192684686672669,0.0455286149282607,0.0194868286199263,0.0175436226451726,0.0108521027575108,0.00427905616685752,0.00683372308119658,0.00414773324795737,0.00546775634973146,0.00316348711715004
0.920064362783935,3.37484151057706,4.84464481728988,-70.2259539018838,3.81424579632513,0.000194840023570201,0.0199188928405817,0.051725688268332,0.0213591923384596,0.0271552608882447,0.0124082849084246,0.0111169623884372,0.00412950059167648,0.00636410094707224,0.00419920814697042,0.00411032609483349
0.862659328417509,2.97262125346656,8.29669181524272,-48.2622920621519,3.68847397444687,0.000156584158515616,0.0361756980289685,0.0837105221329787,0.0318593890119433,0.00731672979153117,0.0128395703020903,0.0110670468112442,0.0159230785089564,0.0103155063785782,0.0131807098167758,0.00590526506759983
0.84943536076071,2.88218182162882,9.02533891085176,-44.0826697927299,3.66061640507494,0.000138128773505991,0.103578754418675,0.0728046598129101,0.0495863995616286,0.00984315052365494,0.0144763268368512,0.012566719113579,0.0134274355837987,0.0113436207936931,0.00714090957870054,0.0066470957699081
0.806177648832652,2.59354308967317,10.6736899120724,-36.6957222054637,3.64045623428964,0.000144080984616424,0.0247695253125498,0.0793780940289116,0.0245697013852535,0.00750714728705905,0.00773324084078055,0.00506689711936973,0.00805210684950799,0.00492578674258352,0.00487961816066495,0.00459229126331377
0.825010970946148,2.71345241122473,9.99366280817065,-40.550027470053,3.63950239912291,0.000163896110057662,0.091532140217551,0.0694886872562536,0.0286266638565809,0.0152746903542336,0.014698421775072,0.00902957930519705,0.0155323418721387,0.00811246720689896,0.0117802429570747,0.0106190349914345
0.766862413209437,2.34587909027835,12.6992941121984,-40.4312702853133,3.55393416303197,0.000141850014005671,0.0456483385042108,0.0694706650515275,0.0323708441899299,0.0398183432992594,0.0226697782026747,0.0240279207685493,0.0107087039894902,0.0153126726597837,0.0101199021973381,0.0116992791609512
0.859823921362246,2.95472973427059,7.69867567389992,-21.1061160412576,3.74182349269385,0.000125297033008962,0.0161803758333112,0.0483551367587116,0.015636938886099,0.00651517370259531,0.00389640854358354,0.0053390966474754,0.00608924795049213,0.0056045890613277,0.00593804381940876,0.00294223064593067
0.323859223555483,0.410888566296389,36.8876716425595,-1047.41024330231,2.21525373668501,0.000124603929727159,0.0660234608868948,0.114517893443895,0.0517971951571149,0.0504769730310633,0.0331179055345093,0.0404174881444599,0.0275401278240786,0.0318687858334356,0.0278749395295049,0.0252671610637562
0.55368251055688,1.2287843177349,19.8853803445247,-8.32420349655969,3.39845906159147,0.000170367560197954,0.168899034727365,0.0496427604078304,0.029727407585569,0.0174850780631528,0.0213968897483906,0.0190679160565412,0.0189935236299872,0.0186544596022781,0.0192731824853415,0.0188074268103078
0.823508926939686,2.70836152345941,9.27490835849208,-30.8103865460487,3.69231909715924,0.000122444380050521,0.144923825762646,0.0443376653104818,0.0267707191184018,0.00395145813509939,0.00712105018591485,0.00660285649564189,0.00712299973542458,0.00638148704858653,0.00370270058994341,0.0030690823865075
0.692535400282565,1.91720294890529,14.7999073388409,-27.4298033162125,3.5264934025876,0.000127366379971874,0.0753163832809289,0.0318608388925034,0.0410283273781397,0.0157923538117531,0.0309516080024067,0.0126942955158573,0.0309387465742281,0.0190292832416683,0.026366743710843,0.0231244192811857
0.923771497133716,3.40342531897698,4.68245716330012,-54.656366847434,3.82364149730881,0.00022538810181653,0.0679653849484811,0.0625686641161103,0.0200721295836664,0.0261587388858982,0.015446954352625,0.0109088587242846,0.00470322327735491,0.0043152336674222,0.00440142819096469,0.00387837297836983
0.812869395553026,2.64159005483413,9.83463911577405,-19.1831822982807,3.66504229513568,0.000121533779680452,0.0143194286491092,0.0444733433821049,0.0142769119181134,0.00398445502388244,0.00575976614271251,0.00382144308872697,0.00552506759254969,0.0040851375273301,0.00234951514019924,0.00231192862583528
0.797710299294785,2.54080495225559,10.5507517845788,-27.0883341169395,3.64347384072179,0.000124276197869831,0.0188488208556852,0.0544408721047345,0.0188947434459681,0.00376372590554532,0.00665575097529223,0.00502726193624811,0.0064814960541108,0.00681329250971504,0.00299881469055376,0.00482528722042696
0.754189573119789,2.27372817926426,12.1107048901895,-24.8862389204467,3.61827362817604,0.000129724191255892,0.114095501270281,0.0365821058651915,0.0155439362729062,0.0202410695497385,0.00968166969803248,0.0208704706003339,0.010729493875237,0.020666799900261,0.00975684811962774,0.0157631278595681
0.649206233952975,1.68686662515439,16.467816141881,-10.5687620325997,3.48232140098331,0.000149768305953617,0.118558723523762,0.0314409637187682,0.0284127802726218,0.00889192149498968,0.0183993163541387,0.0132082313074224,0.0132106657954447,0.0145342909213514,0.01058778453528,0.0132722731381603
0.716532618180281,2.05458211939233,13.9193388444806,-15.9452441311662,3.54301457664336,0.000142573279754519,0.016563603349076,0.0277757370392396,0.0150386033200442,0.00838859313135187,0.00613863524816905,0.00565678245372275,0.00867736797599095,0.00730840529497122,0.00655673032686338,0.00700222279648439
0.892350475449977,3.17990143224679,6.13803152051457,-42.8379224930153,3.78808757134424,0.000116299228678156,0.128704540004005,0.0471210902603461,0.0121312219381696,0.0121689068035828,0.00943874985238818,0.00418250406191214,0.00219509580038449,0.00462358947758458,0.00368951207922184,0.00523070191803236
0.742423523446302,2.20373521404442,12.6081965348342,-15.6635807280456,3.60757855527281,0.000143805526195773,0.0109493183886223,0.0340798114748039,0.012507326965125,0.00317387649769708,0.00668446226121838,0.00435549529086035,0.00295559301190945,0.00450626336712657,0.00212040283525975,0.00159000146026854
0.921659547754157,3.39368211477249,4.70662919929232,-37.3778140756898,3.83607825374698,0.000131431248522313,0.0166454938378576,0.0464813410374831,0.0187842393897453,0.0184912946411005,0.0112589106558825,0.00593286366731023,0.00790711979627899,0.00377345077036838,0.00542561843939292,0.00287593872399075
0.822076526119532,2.70213046437404,9.19675621350464,-23.7752706224953,3.70932118303725,0.000132267039470523,0.0160566612025181,0.0416380932022692,0.0161656920254128,0.00259050365131642,0.00502314983356867,0.00444589346278389,0.00651698838319378,0.00423066370914943,0.00504256557911827,0.00251889722849046
0.87521263207147,3.05866233364667,6.98981847241916,-34.8352456544067,3.76273305639233,0.000117150136885798,0.0192819538922509,0.0441293323516521,0.0180695918846991,0.0100774667006585,0.00697981585430378,0.00436861242084785,0.00558197192375662,0.00562706595714357,0.00650107222055736,0.00423212879591305
0.906393665471134,3.27745202219745,5.71756073407892,-51.6132185834979,3.7913227659448,0.00014736443107955,0.0754859116372714,0.0528118758673811,0.0657683695038304,0.0541528678935273,0.0680934639807655,0.050629377311751,0.058104436353526,0.0556228431316936,0.0542964566911783,0.0537684426872408
0.902173864293819,3.25064116703665,5.75695967827655,-46.805647617958,3.80634729823872,0.000123632282890292,0.0229981150275329,0.0490059343019543,0.0222683637056534,0.0187155238325275,0.00957078936217634,0.00675253184117438,0.00439623492411343,0.00403317302230345,0.0030807893589397,0.00389150045223276
0.774912830009188,2.39586752432363,11.7496333108648,-29.781348758124,3.62823249857577,0.000156699405125271,0.0329487856888369,0.0701292460393597,0.0325165615729528,0.00830146857785257,0.00830890135846542,0.00272941659323009,0.00705451195564555,0.00337641187624078,0.00457287379507114,0.00363905311494919
0.234610124111084,0.228060764659826,30.0421157122579,-3.9026536547266,3.1006261110338,0.000223517638916753,0.0173405061899201,0.0402441447123656,0.0202073774951153,0.0136795333367878,0.0151597238205057,0.0109019500144422,0.00975767422238764,0.0066461218308925,0.00520207545097579,0.00386516706865396
0.600027249193878,1.44177707158083,18.0457841861348,-8.57349741895398,3.45243369053254,0.00016598869815968,0.144733402963878,0.0396170786322094,0.0178368752190176,0.00564371549848798,0.0081380056355388,0.00395636327276573,0.00511081307374719,0.00434661181749948,0.00512315262438651,0.0044285920617727
0.787596390660458,2.47577789102304,11.5542046331853,-34.9751762848493,3.61014771108539,0.000145885940581577,0.0267295039015876,0.0695669653871792,0.0265027811509371,0.00798502693052776,0.00487641735558887,0.00370807665675504,0.00595070668076766,0.00365168820478942,0.0039170470603197,0.00349505174022007
0.702696016089644,1.97453027643717,14.4958791290098,-15.415458441261,3.52222332272773,0.000135539854693516,0.0155198435421466,0.0388902483712375,0.0158500921943386,0.00307889735160591,0.00608250125306453,0.00258258759551692,0.00338257206930715,0.00217725772668867,0.00292191590669284,0.00241981650060657
0.908168458706552,3.29600760776689,5.47844542544422,-29.7230042776925,3.80726260866084,0.000125506912094127,0.0459500564083011,0.0416818639010573,0.0169514649178597,0.018007922131573,0.0106662740209374,0.00761998619241796,0.00612231818187815,0.00416408920046461,0.00494942030337122,0.00271558462909099
0.70148124677742,1.96514956406688,14.7080666806329,-21.8144119009507,3.54623358059886,0.000158526197636033,0.0181842009859764,0.0480690358970231,0.0191928544324884,0.0150832120113211,0.00749141454350917,0.00769939821709458,0.00627800153124959,0.00741009246563494,0.00559952112099704,0.00395799592025371
0.4602304137929,0.850213792319966,23.0206659987575,-19.0054080023149,3.28306737840918,0.000181861986339591,0.00365083818899816,0.021018042194285,0.00384440925902672,0.00276638050384356,0.00232347181844722,0.00245540173252194,0.00209979754101905,0.00161361646308706,0.00112275680131261,0.00135279537585911
0.735683906162514,2.16022459205557,14.2374472516278,-57.1585572554673,3.49649549063408,0.000184265708976006,0.0693369807137888,0.0765338581179578,0.054052608411786,0.0469854292605808,0.0308225093467429,0.0222752220069545,0.0266111552171099,0.0149616536905647,0.0150152352707371,0.00947049595682949
0.64282028848958,1.6485637688557,19.5789332053788,-158.049350458519,3.21286811721668,0.000168824023125052,0.280603880229627,0.150693987547444,0.0575037110590529,0.0254530339843675,0.0295379630824505,0.0354660557478656,0.0378523731785584,0.056197685940208,0.0398522085830497,0.0503194343202901
0.36740458205006,0.544951732108411,26.2249481671699,-16.6107561562018,3.14897953485432,0.00021556044263778,0.00974124439857497,0.0269694737333377,0.0108569690369238,0.0101699666243546,0.00725285825392897,0.0082401590893407,0.00597504955639796,0.00545031007221362,0.00424047205341394,0.00173316456260126
0.646755627335106,1.67011715029191,17.0754708958235,-21.7654664174912,3.44494130703075,0.00015365764612776,0.0129500879511708,0.0402796353272992,0.0145053471535283,0.0123536595240045,0.00822885406094032,0.00227019531982629,0.00316901205136826,0.00162298644810103,0.00344940272422062,0.000924887995797981
0.641731850644165,1.64400794081959,17.5625979431872,-36.4088479474404,3.45160606044229,0.000150936249091273,0.059300715263275,0.0278505491586588,0.0565850415272873,0.0279877740232278,0.00651802423434066,0.00751714650728929,0.00710305918374712,0.00890357646434926,0.00910214767820559,0.00803532118348037
0.762900963739881,2.3216372168099,12.7722220803442,-48.0980915940573,3.56012793725535,0.000128508002352426,0.125621747384449,0.0889074210437318,0.0551909460983426,0.0271828493064806,0.0297437460861941,0.0226623487948772,0.0208179419253984,0.0188275020374201,0.00619461032490592,0.00482985429098924
0.774850134787524,2.39961373202218,12.4730518289026,-50.3727654325949,3.55788090085372,0.000197074389654023,0.0336495829190615,0.109667634261926,0.031360410880421,0.00963875951715863,0.0150693621228953,0.00892393423774279,0.0154288302789106,0.00836023815419211,0.0154164352901639,0.00651763957339901
0.803740383299831,2.57911987060805,11.1613272443428,-43.482010157939,3.61118620185834,0.00018133490397972,0.0603935945553095,0.094043350024594,0.0436473168071797,0.00681824689965606,0.0193021669583402,0.0121479956012521,0.020037325693509,0.0119637862715608,0.015009959852902,0.00384291142506659
0.800222210465055,2.55944667415517,11.4453364047016,-40.6106855199807,3.58160114185339,0.000175548437074226,0.0351248409560663,0.110951638776062,0.0346514111476123,0.00800388739491586,0.0155426196513202,0.00821703048158573,0.0128167612426314,0.00848455285409423,0.0135747597873988,0.0083553781813342
0.804379797931438,2.58356783205387,11.1549129838623,-48.1767169213398,3.59968877482924,0.000199664583574512,0.0356340856854982,0.108815010954814,0.0379074139411735,0.00722300074449861,0.0188373790238918,0.00954408987587701,0.0158919851271531,0.00999785536803029,0.0149326042957558,0.0074506345785304
0.801936531901556,2.56871248422246,11.2326590961966,-51.4497641785491,3.61048834094744,0.000177938763445502,0.0604590715362521,0.0654471934905888,0.0655160079195173,0.0489377760805731,0.0425841098444611,0.053362252783437,0.0437750708285622,0.0418807419718668,0.0412547695211501,0.029512803187131
0.805554751246518,2.59235397988341,11.2122814868374,-48.8375011892354,3.59545738482242,0.000183056503566802,0.0499383749794704,0.107233431179839,0.0348207273587022,0.010298433968384,0.0170525632604816,0.0117977548296719,0.0143313451431414,0.0117555740207797,0.0140384053609623,0.00908804187898674
0.783760107138182,2.45213911932202,12.3204192150236,-53.296494795863,3.52961079743782,0.000203008683728786,0.0328825924539267,0.106551924042323,0.0315984936869345,0.0121832131255301,0.0146278750562137,0.012195606962477,0.0168709782761209,0.0105552707840051,0.0160853758234416,0.00914423720084136
0.784603528220824,2.45658745869458,12.2109775449506,-62.0678527432196,3.55580390786843,0.000221312837866104,0.0355297000023608,0.104651302557187,0.03571846318411,0.0132782355003127,0.0163599198608085,0.0105004001366854,0.0172529950525514,0.00771168830276503,0.0160723288881551,0.00586326565204617
0.793896075379578,2.51667685859808,11.6366023769236,-50.3346375181716,3.58760880808739,0.000210121975859524,0.0334571611876516,0.103718106056586,0.0338739110821379,0.0106750891896389,0.0165168546521526,0.0114313759722477,0.0179167574886348,0.0087969296954704,0.0164511736383022,0.00626612132352082
0.275310970238166,0.310160154490855,28.8609454305512,-7.08600961458434,3.09866835196217,0.000240535783385679,0.0224564322972708,0.0427495037591359,0.0251153096562697,0.0212522752479433,0.0170022756591091,0.0157911336249084,0.00842148938765479,0.00933799370699225,0.00630075329969198,0.00499679693059231
0.270505205856891,0.299339419385782,29.1566558514291,-5.92010744347132,3.06293012598964,0.000270445941249507,0.0134188120129029,0.0396806786429506,0.016291312291548,0.0174310586785904,0.0118766811106579,0.0121740379829192,0.00751673329829612,0.00648693145421761,0.00435995855461228,0.00358865667468124
0.783327909918096,2.44742389421615,11.9602732795916,-49.1679330479184,3.57557546847801,0.000226835040520544,0.0815005008424561,0.0989775211155456,0.0513565237104361,0.00620752685086142,0.0173545403584748,0.0123027036135877,0.016102131369795,0.0132334007408644,0.010877740818035,0.00631554401683854
0.473152483160093,0.897822271044403,22.9739705664752,-16.7464064860385,3.3148585618978,0.000171793457729152,0.0495604149890889,0.0680493201178835,0.055723079974706,0.0245699325262638,0.0282931060462087,0.00632539031674515,0.00869563338008175,0.00623714429037231,0.00952791035407899,0.00427038096087118
0.814689493557377,2.65055317577749,10.5280770299072,-52.9674369644709,3.63943823233656,0.000186325784678576,0.0602396198001323,0.0948398428019846,0.0383066503929036,0.00726137889677142,0.0183178401686311,0.012225201820533,0.0192881613141764,0.0142959631047806,0.0155603600905352,0.00772501818518432
0.808734092589157,2.61358539891001,10.9862971549506,-43.6419825810289,3.59720793323154,0.000182555505497525,0.0343051618787325,0.104034852214045,0.0335220387335687,0.0111904817095496,0.0154656549058424,0.0109053327689482,0.0170879426103763,0.00833794251876488,0.0161566478861245,0.00650292741145901
0.750860151836609,2.25001513750413,13.2869759137127,-41.1398688458753,3.53926916647474,0.00014203093361167,0.0150216360688409,0.078452773086151,0.0194153208545958,0.0173742929668415,0.0181039563470638,0.0210638511500122,0.010572359801947,0.0201114668368265,0.0134160366339976,0.0109936539838216
0.323084496076248,0.419469757630616,30.250922167948,-105.65324013433,2.85907340164863,0.000219756831752455,0.0743206657704487,0.169388394732672,0.0513782222064875,0.0975932172764415,0.0428595908459417,0.0695569382236376,0.0340789488908239,0.00965318524600258,0.0357638426064104,0.017094605789901
0.344465171098281,0.47951556742468,27.4143005716162,-11.7887672853577,3.06924835574907,0.000234043117357466,0.0183888199645105,0.00873205328207466,0.0153823508058291,0.00826444411282931,0.00839648150911354,0.00628035669127158,0.00401720740305656,0.00200465143354404,0.00261369414147794,0.00219367227257474
0.742720773459252,2.19883619834688,13.7128473852319,-67.8401828950425,3.51687969366753,0.00015034150618094,0.0775185182673423,0.04645701453936,0.028808260620216,0.0228562913510292,0.0178177429461345,0.0120036713291676,0.00986843757023903,0.00830260789962068,0.00833736934579358,0.00355019353471414
0.611325390818302,1.49282174991705,18.8126239392277,-35.4793811569904,3.37363847056383,0.000160657696764548,0.0222346858042389,0.0123344014330607,0.0247783927005576,0.0107258377192706,0.0125363668890479,0.0087999746419812,0.00539312050284131,0.00706847403058208,0.0038302870644025,0.00684664169216184
0.676434419876752,1.82817164385382,16.5629431415473,-39.1960457345375,3.42519253888547,0.000159859654592982,0.191929028754192,0.0410088803484201,0.032261727538534,0.0325769047244466,0.0129705500257855,0.0275822801721046,0.0157501881052154,0.0215033537641582,0.012529868642491,0.0221068964435867
0.704473664605528,1.98020453992771,15.4182421201398,-41.9843452632856,3.47456400501597,0.00016401056712179,0.0215327097900582,0.0442598491014849,0.0236888197984329,0.0222103393270922,0.0110871600687191,0.0149667029276751,0.0107464891584552,0.0144299469186159,0.0108344983746078,0.00671450656366697
0.619358165715161,1.532490484911,18.8976584559614,-32.1212771842932,3.35135241644264,0.000149771033404728,0.102560162347592,0.0283602319594907,0.0631221240926954,0.0240714954185397,0.0422337528996436,0.0274306342063266,0.0217893886746739,0.022830627233153,0.00960485621188952,0.00697271980314221
0.573722973859176,1.31787242679657,19.6782289413314,-33.7490119640448,3.35930858171529,0.000148908596180855,0.0154803811315176,0.0231536423670616,0.0153907802068716,0.0161694469957017,0.00906262692686893,0.00920848641169435,0.00640835422682502,0.00768152245768754,0.00562283530808273,0.0068411595084724
0.193362852831459,0.155673707947997,32.5733196290697,-6.98534726876981,2.85856770580425,0.000254808181717563,0.0360356973548216,0.0210800869609885,0.00569355770347263,0.00919087931733345,0.0052626980404491,0.00779944482977011,0.00540462325497195,0.00519898052608469,0.0036798119217548,0.00348991431919859
0.19262979610783,0.154038055652947,33.2197953624838,-8.64146168638246,2.80593085213646,0.000216305704109243,0.0117094416067778,0.0499586802079052,0.00955745495036715,0.0125593655937301,0.00275034328933514,0.0107175979299027,0.00375095039385054,0.00406720789595816,0.00356653934183609,0.00189518910305289
0.199295107925152,0.166031209601284,31.8623048168664,-6.59884183636276,2.90161844796956,0.000267417269167962,0.00897621016183527,0.0367687204197648,0.0101970762926596,0.0246296508801573,0.0110345646761697,0.0124233407627155,0.00767354213709852,0.00868324392610322,0.0028197550144825,0.00438284368976735
0.206175274169408,0.175638262658282,32.3561782740768,-11.823913371269,2.91783949521355,0.000263218606750283,0.0378385053654849,0.0263537172503804,0.0353105840946856,0.0121345445636577,0.0273487940311734,0.0111355329770762,0.0150296660302575,0.00441194103092373,0.00278217781777933,0.00416383654705992
0.238067087959175,0.234121232180522,30.4807366397248,-6.78441332277422,3.07024794656674,0.000205770930451569,0.0186251394535918,0.0330620577705407,0.0212526189823028,0.0158944738200069,0.012448349097023,0.00843731847429176,0.00483789698170672,0.00601465017087002,0.00511156827330316,0.003855252978137
0.207148133732614,0.176644340358963,32.8438752441463,-7.43159502182257,2.85325167392438,0.000222975378976711,0.0332531725305363,0.0341819373844834,0.0277297909728225,0.0235376229566685,0.00851769641469402,0.00771719428323903,0.00689319466268709,0.00681058439057917,0.0057800922582802,0.00504771783863082
0.495641279177865,0.983930420999507,23.3360183972018,-23.2962417256598,3.20850629634566,0.00015044922478873,0.0213629289099037,0.0495973854766825,0.0207871882578128,0.0130025025680686,0.00816633468041876,0.00903958706495408,0.00881097268350265,0.00532553948826153,0.00383735832267935,0.00156016322528763
0.47593592791775,0.908236057145678,23.7784183699256,-14.2459722317124,3.22320861609494,0.000174116510446642,0.0157194915590184,0.0330418351201907,0.015387595967457,0.0118252409115585,0.00636750006887292,0.00672885813983604,0.00619539251394796,0.00536459223436625,0.00240272248781523,0.00121296505833361
0.168146998853228,0.118896759822059,33.527594062761,-6.83286010507536,2.83818867464749,0.000248001070105241,0.0209909819075281,0.0415716843667807,0.0195282521934672,0.0303509247580579,0.0167014550700642,0.0120725121745089,0.00603849994066197,0.00634290541464512,0.00427785712564838,0.00635593361335206
0.198723216661856,0.164190906255941,32.5255689018018,-8.59919255854651,2.88778988028381,0.000220916551598688,0.00638486199429048,0.0175161420315933,0.00665919936107404,0.00670003840323366,0.00402973022755539,0.00378316780091453,0.00313142042008811,0.00257698950545186,0.00149583834966641,0.00247625725139316
0.380869269213511,0.58429679830239,26.625758174903,-12.3651726139659,3.10981396159025,0.000163212313823185,0.0894436633316819,0.0346023382261839,0.0157367071613798,0.00859878149326906,0.00599046633910386,0.00457041766417989,0.00472564284642488,0.00219102944734871,0.00137988466800932,0.000956945026405401
0.366805149375515,0.542167015306113,27.5194900609048,-15.0233808467162,3.0555578991571,0.000171389650753623,0.0298109648309466,0.0406558380987904,0.0262485473222868,0.00407654474132823,0.00385779365203028,0.00492747861200179,0.00499401766868838,0.00553079335216682,0.00523218001051062,0.00324450586794209
0.194085078248445,0.156909549548733,32.9901691555318,-10.1420744775041,2.8317483756887,0.000196994755263843,0.0671155114100654,0.0316430963352953,0.0111488569349578,0.0110292725196743,0.00835281836489492,0.00451391277037814,0.00663046317694791,0.00442916539988532,0.00480687804461385,0.00467949801998121
0.264019541567154,0.284664036577998,30.2176329281664,-8.56796836820919,3.02492215227859,0.000196673813871271,0.0383831560268187,0.0233001993282328,0.0313516046206321,0.0218766610644312,0.025568456957794,0.0222468139286536,0.0227606445686359,0.0255558496808898,0.024076204417849,0.025831007927875
0.182178011457808,0.138757856420069,32.9155719165298,-6.57180922236631,2.86474081702803,0.000249334962860506,0.0153671012121206,0.0210096454515448,0.00680453020660567,0.00788988241736637,0.00758270236017164,0.00267616341463687,0.00558300726830508,0.00233388576210614,0.002658302573081,0.00194677745347387
0.243385937230971,0.24442702883195,30.2514214908962,-7.84250665565573,3.01394254659062,0.000213274964310678,0.0309323903077579,0.0402933571075247,0.0169673611209953,0.0233534484864067,0.0167543388645343,0.0223265923622748,0.0167474202517584,0.0187005848665284,0.0121881173178453,0.0135528276771033
0.503463197019986,1.01601278050813,22.9202257305161,-22.6827785026828,3.2515626019162,0.000148580133973103,0.0282746866765518,0.0499820171325108,0.0271068217747093,0.0119546062895669,0.00829370932146379,0.0105733460411903,0.00836942599957234,0.0051213617440164,0.00378811822069018,0.00317710497271168
0.466031098228056,0.871573018002457,23.928038470123,-14.70933165735,3.23503178483361,0.000179021441329424,0.0142625097531072,0.0356481249295242,0.0135449800168175,0.0112154040679413,0.00589513494201417,0.0057460545556353,0.0061034818849695,0.00448372644179811,0.00273407123674445,0.00155306313103316
0.23180381803261,0.220992402379146,31.1181957180459,-7.70664880800334,3.00086398836264,0.00020479275777659,0.0141635419024302,0.00963264424166273,0.0153479082420874,0.00794918796071282,0.00848155468209601,0.00347266937794302,0.00329101336917769,0.00101745775494368,0.00156705515523258,0.00176148584503948
0.22177761880306,0.202893833627074,31.8498753078267,-8.4459424371186,2.89421525233382,0.000201106311474027,0.0101143156883007,0.0456114078057067,0.00965224132391569,0.00377820173862761,0.00373623541617168,0.00344611612763697,0.00218766992191995,0.00245925417545842,0.0030033594008395,0.00281714821000205
0.192704325509352,0.154189022356373,32.6757249718352,-5.67585990600094,2.93084214312534,0.000217769681323719,0.0742004115519628,0.0815175787044361,0.0443234363632902,0.0102335078063,0.0134780740227074,0.0146356223639381,0.011389340395996,0.0179817098930616,0.0141905465835714,0.014613184464429
0.193287351604503,0.155683186058129,32.6780984290629,-7.6282716456965,2.83418747757458,0.000238606819684607,0.0375185998487619,0.0272883416505787,0.00460216551553522,0.00686530598436255,0.00473727295557014,0.00390141000150215,0.00421669227799334,0.00243935593370882,0.00335741633147047,0.00266310479629327
0.549240192536434,1.20680797884415,21.4763560132626,-23.356612905118,3.29105976512158,0.000155973540929393,0.0207210272001015,0.049851710874157,0.0120866934906758,0.0133409175374286,0.00916889396819099,0.0122853034979301,0.00629448792662036,0.00485173523403182,0.00272062872832754,0.00442997378018734
0.389175088447962,0.609129917631268,25.9709403534218,-10.9623575069739,3.19739388933187,0.00018985581021776,0.032660867442793,0.0547012926601801,0.0347335251721109,0.0275058685798621,0.0264022516125047,0.0211642860951051,0.0170525608795352,0.0132787772949631,0.0120291299840491,0.00797788667476006
0.222112610788123,0.203685901945096,31.441964050044,-6.23399240579982,2.94411965809777,0.000234650975843003,0.00262851811179501,0.0141982736896107,0.00306834355821048,0.00594044941867486,0.00191610035791979,0.00390715058745544,0.00217562799236017,0.00266851243044364,0.00230051127000442,0.00189692181979014
0.203523751527794,0.171592612737074,32.3096497993083,-6.42845363148933,2.92713361025153,0.00022288617998333,0.0118408107846722,0.0269164071804606,0.00792275612964037,0.0122804438216733,0.00870078711808841,0.00745961060201563,0.00663994392516982,0.000822388675392389,0.00169442449011731,0.00112979521451424
0.296891536880524,0.357386334661004,29.505868556018,-8.84281867725504,3.0064392479104,0.000194506011469144,0.041204593226499,0.0133181048021499,0.00413041551666393,0.00745721761256539,0.00605239621418829,0.00696928121682725,0.0055024928571143,0.00647363100258729,0.00533853105421038,0.00588875829942541
0.286045684559437,0.333322326253831,29.0485946307241,-7.44397847626411,3.0962036997603,0.000195851266198854,0.0328441628260947,0.0278600835226598,0.0318093325636429,0.0246402522375543,0.0244583502575874,0.0174804074065613,0.0157074261082497,0.0108795771668814,0.0108684000341714,0.00828103274803718
0.267391344461834,0.291469418961511,29.7438368186632,-7.42535786970103,3.01325239270378,0.00028556645841716,0.0240020185908709,0.0277559942886287,0.0223804470673658,0.0175597580460285,0.0054781406730459,0.00803193769860156,0.00643195561492855,0.00698034052374421,0.00392347003290571,0.00562402519028022
0.188591098700914,0.150388368900685,31.5197044930174,-5.19302655327633,3.01544149051219,0.000264315207635963,0.0104787469056726,0.0283679957564406,0.011249077358056,0.023738166127171,0.0137626129808706,0.0143731896826095,0.0109505001405099,0.0113985375262598,0.00620672655333504,0.00636080362992892
0.20664512157393,0.177028871145356,31.7439359703759,-6.01795806720479,2.99440993902574,0.000198955587728526,0.0370489394486078,0.0192444339666137,0.00807115267249247,0.00557147998382598,0.00149151504522031,0.00181190511122785,0.00173790303479754,0.00198553171282417,0.00186641151605022,0.00124588177206086
0.507613251996599,1.0310998179917,22.9266213314221,-30.0236881698505,3.25349712282925,0.000151200902960007,0.0423296769301745,0.043544228138639,0.0306131107959342,0.0170267391066242,0.0130038535522718,0.017419829589595,0.00928417121324601,0.0137932154607915,0.0123127954408337,0.0102206591379114
0.237430192857617,0.231861170194416,31.4589279033675,-12.5625211781341,2.88817560641763,0.000182526542084182,0.0124464608628725,0.0441519320674163,0.0166408960387702,0.016438228429023,0.013330492334204,0.00904558271113627,0.00878342528165315,0.00561028902420783,0.00585021312065588,0.00314008236900606
0.200971774743934,0.168631790502454,31.6410590698197,-5.2671998139534,2.99364262296722,0.00024744915914587,0.013226001654249,0.0154154105650197,0.0135087105303389,0.00759154441575093,0.00528367345664999,0.00128097909518753,0.00279024737828454,0.00229962478138437,0.00229953234458077,0.0027690836870861
0.192058230137749,0.153765518658556,32.5353544201223,-6.03415917868792,2.90665435983579,0.000235669332898804,0.00525683673991622,0.0194461852587805,0.00507227765503246,0.00537859454119064,0.00401582164448891,0.00380407249716555,0.000855706802373651,0.00105387543878326,0.00114737360100216,0.0012988322664369
0.192332393687566,0.153835975721144,32.6501544956995,-6.61011713827897,2.87270980340837,0.000257192725593154,0.0495602273040239,0.0479148427598018,0.0256044194506294,0.0184367412420449,0.0103255276443352,0.00732912901625474,0.0141127795330735,0.00932612679946413,0.0121562722510253,0.0100429752073715
0.2653991426171,0.287505213240385,30.4084899216809,-9.88577093248761,2.99896832415123,0.000175768955598604,0.0573043341201446,0.063418582420622,0.0488016709959416,0.0370993785708186,0.0199432102100237,0.0175982904268151,0.0113520220161897,0.00544369850152869,0.0051747874101972,0.00242358020320328
0.327022654846893,0.432494754511232,28.6145468307789,-12.1612567505647,3.0843676083224,0.000174645955600974,0.0473428765733094,0.0118440472892709,0.0137608750797407,0.0101002496091016,0.00818431122798534,0.00648972050485277,0.00441790781710513,0.0044253122778868,0.00574474405773997,0.00762355077909942
0.308109441417342,0.383958159233368,28.7914539421186,-10.7787696256737,3.13109781194385,0.000184093069872149,0.0392806005972712,0.0221218939302379,0.0287367498485748,0.0215057984057034,0.0231997022772015,0.0195599719486237,0.0183938241609651,0.0159922421068164,0.0144842503905336,0.0120698880065227
0.308031117068036,0.383564788460162,29.122657242225,-9.26061796236313,3.08555239913954,0.000182953974601283,0.0276840764656561,0.00989230711866167,0.00472211007149002,0.00396248088719528,0.00248801662638163,0.00374562438305694,0.00284824436643383,0.00313143329876103,0.00211343398365642,0.00376054005491131
0.261791482222862,0.279797908235619,30.2354044371691,-7.12561784829683,3.07391393788092,0.000180162637439417,0.0120941588238566,0.0116059149611238,0.011694939213426,0.00955182774042845,0.00790459217139556,0.00604547727411544,0.00404719810982697,0.00319519287357698,0.0018089602430961,0.00149214984689399
0.203099981542701,0.170655700114028,32.7188963464387,-7.33230296260692,2.89974823919968,0.000182673196064571,0.00726789749760775,0.0292783168721311,0.00730827360654292,0.00423804130036776,0.00256443242707077,0.00309744956717932,0.00315083478052343,0.00234032627949942,0.00260883442354989,0.00228588507100048
0.292331557207721,0.346729605220936,29.4921338486977,-8.71057329173793,3.08156955670738,0.000191386092553158,0.00923995594877174,0.014753338008944,0.0106181917010078,0.00684689222554445,0.00675981687880015,0.00537697719169374,0.00292894295542526,0.00199596896230992,0.00335841925115558,0.00235344466751663
0.223670823628956,0.206487372316914,31.1210226644764,-6.01428648840263,3.04361799223109,0.000216751392815525,0.0327106168684276,0.0306650793148267,0.0133013235567693,0.0146828850649676,0.00873172068433977,0.00976809381131146,0.00749274706984777,0.0068355023917444,0.00537323862601676,0.00444779660325622
0.231849945553874,0.221452008538789,31.1404304946031,-7.040486902799,3.02409129488994,0.000188202649923966,0.106942964228798,0.0322311975313724,0.0189566637131293,0.0177879458993219,0.0166476459438132,0.0180346983227037,0.0141326713759692,0.0128498022075528,0.00885552261812619,0.00834626040436326
0.207364524188427,0.178447549860967,31.7705157409709,-6.37057415794703,2.98489383943227,0.000222226919020003,0.0243583255449154,0.0124177334477619,0.00666708063516736,0.0124274654338842,0.00567176606014745,0.0101995440087205,0.00752097358736926,0.00704499501478644,0.00772061099346133,0.00678037629966857
0.249821833358049,0.255650384268437,30.1582363292586,-6.62289280499528,3.110827963512,0.000233179228504745,0.0326909867128,0.0297602199319679,0.0308420448228384,0.0201756986338508,0.0158882281512181,0.00790481562488792,0.00883877012026444,0.00573788032591433,0.00189638754204259,0.00158039428448898
0.194997627434756,0.159326673663431,31.6500123227687,-4.93512971496729,3.02712328916842,0.000218154333132808,0.0224203116695307,0.014547724186738,0.00907576747802222,0.00829556574016819,0.00751408200754525,0.00723814622371725,0.00525845347450408,0.00502875870879193,0.00541214624639084,0.00331153949855036
0.268096015482775,0.293083553771419,29.8635319421135,-7.74095297676389,3.11270685320476,0.000205432014308025,0.026389357996355,0.0350833961708835,0.0337466478355042,0.0187950492992884,0.0237797638522997,0.0148454269599865,0.0121989304633697,0.00897507887813188,0.00709148168669033,0.0044824168411281
0.203762682725932,0.173574928338016,31.1639009136412,-4.75470737783058,3.09141084557395,0.000214510558453068,0.0350146217879953,0.0159795478525504,0.00921792756326527,0.00937918639440261,0.00675466721430769,0.00749266445184516,0.00448950625984068,0.00472967175849592,0.00393231035668176,0.0033857381530013
0.193610677232229,0.156127808673266,32.2871055497394,-5.754215417015,2.94453782199497,0.000238101691730855,0.0528818889812429,0.0299138572446719,0.0126790977307522,0.0112332633979727,0.0064867935438512,0.00448054562609291,0.00662734299660033,0.003535465176898,0.00485711961002607,0.00456071778178646
0.313846602998076,0.397473974918299,30.0050239742339,-12.8890427943036,2.93794489615261,0.000167813588916082,0.0711996994711869,0.0147019687989938,0.0128894163916313,0.00743238873435597,0.0104927727192194,0.00888631089257285,0.00835315328236847,0.00835141165189688,0.00747862086734646,0.00826305716478559
0.205671604768388,0.175920910357203,31.5706315939923,-5.30217102877741,3.0225576701572,0.000222538040629486,0.0469687181154472,0.0158545646159579,0.0109595181979819,0.0061655534182654,0.00763074783995281,0.00716839514668147,0.00193983105044706,0.00644173966016463,0.00123413847966821,0.00586752890149721
0.482292571410898,0.931962987220154,23.8556182991611,-19.3682298674771,3.2164494881583,0.000146348975072203,0.0322209028952224,0.0397632843744774,0.0232688269506614,0.0125447160171126,0.0114605701879781,0.0125647737736118,0.0116809046358081,0.00878056377620276,0.00581672694643023,0.00374265270287458
0.192142903119338,0.153856613847035,32.5966510175425,-6.40548664191581,2.91374293500986,0.000209897773842027,0.00788461804819177,0.0150420456982728,0.00698921525533457,0.00787942436601775,0.00352995020427761,0.00653507664371215,0.00426381631760728,0.00276047707506474,0.00343175468244603,0.00177166732389018
0.23071816192801,0.219078465084372,30.9385301481765,-6.59047243569767,3.02240212261151,0.000236720421767302,0.0121363153249146,0.0196881467984016,0.0127286277305028,0.00365211726193729,0.00623805066794469,0.00424940970016618,0.00452983123093594,0.00419858219662395,0.00290199821118568,0.00245128924891052
0.200351733002935,0.16706003617959,31.9446086301103,-5.14488093326612,2.99965489078824,0.000204594133180961,0.00699272656035279,0.0191109050977626,0.00687093432884708,0.00529903249109769,0.00485939710179054,0.00457405645228452,0.00305419801453975,0.00368734994293935,0.00137834547010777,0.00248564490961477
0.189322201033955,0.149903401847635,32.1912119461918,-4.98915143528142,2.99043399120749,0.000222077284818034,0.0159180169061929,0.0217239594174494,0.0148585742683073,0.016787409157028,0.00573850223043685,0.00965723200472806,0.00434197155144575,0.00473908337270702,0.00374333066299953,0.0050382557796342
0.253742018278765,0.262647636289256,30.6669459684824,-6.41345167169486,3.02711330346918,0.000195508583532834,0.0249846733527029,0.0184279146654472,0.0108595945786358,0.00952794634573531,0.00865974491877179,0.00700677810969914,0.00395252910433284,0.00446535166440142,0.00357336477281849,0.00250043338347268
0.290672925114357,0.343075222139805,29.5493866796214,-12.1042333047192,3.04968686776309,0.000182593259515276,0.0270519798599652,0.0348674613043505,0.0275899500324919,0.0303877168586359,0.0224609509596739,0.0215765715151397,0.0178522657896934,0.0154966834635779,0.0108501452404257,0.00970563648232362
0.208929389420091,0.180591613694793,31.9652724242367,-6.10296975112618,2.99194389102257,0.000201024672070102,0.00894538569225612,0.025542865706825,0.0100776241947182,0.0103990349459242,0.00647106189282498,0.00660044331302695,0.0047533891440711,0.00394437711035067,0.00257368787209774,0.00268176559031681
0.217543466132938,0.195587827871318,31.5686551690123,-6.80105326858405,2.98097436251795,0.000219982697123385,0.0249404291681816,0.0289080282732153,0.023379363899388,0.0285040127033452,0.0167677087136788,0.0172210866764293,0.0143321254025125,0.010455146267399,0.0083021473116596,0.00654908436045414
0.35428789563833,0.508063946870829,26.1355042652598,-3.88543818712935,3.35453523455309,0.000203906012899227,0.0119787529307168,0.0284964649352148,0.0202562759227163,0.0127814389968026,0.0170562887177521,0.00906324395475608,0.00692532271750396,0.00709904241994713,0.00603547509058565,0.00660669540301601
0.253918776376622,0.264160940928261,29.577362411588,-3.49987447868444,3.19884095506977,0.000225879046914528,0.0181650767532467,0.0287588681019059,0.0168371545820992,0.021965902402918,0.00662683882797981,0.0140951621507071,0.00641604218488721,0.00532714683552477,0.0036277098388534,0.00530567330727772
0.784983863212113,2.44595794170854,11.3600698240265,-25.2818444033944,3.61757768772134,0.000142388841048597,0.00634095224641573,0.0516120276205526,0.00960620290144191,0.00949874120943761,0.0133826972106757,0.0128049696514161,0.0111575185863124,0.0147310776688498,0.00632423177301113,0.0132081604100239
0.422621222068662,0.717268251804574,24.6236420526095,-10.4513318657402,3.32643366743011,0.000188780039747888,0.0285949598736788,0.0154055317057108,0.0264985364936075,0.0127612264824674,0.0133888895992815,0.00777295271001363,0.00323966502900035,0.00605579867479535,0.00603902352723046,0.00496417740372779
0.407854302957343,0.670106548754455,25.126824949738,-6.4355248562759,3.26205021005339,0.000182933981693047,0.0255191001100698,0.0195474537494268,0.0185968732909482,0.0199404618919844,0.0155772650693223,0.0133708805500006,0.0118983318345541,0.00907517255848232,0.00714917804855788,0.00450602447272604
0.383773095303157,0.594061716168475,25.7135963811102,-7.27745125684547,3.31282781610852,0.000201199908077796,0.0744146337416624,0.0204965289142906,0.0261725129573145,0.0217488790879932,0.0175192670061597,0.0191105626786705,0.0176608239658628,0.0186479935561764,0.0170738256415566,0.0155938446866206
0.281487885860566,0.323721798332994,28.344255903192,-3.61175204840149,3.27417557018087,0.000253433323101896,0.0387006730241124,0.0314665406889182,0.0333743762329391,0.0263003101129285,0.0203071967406192,0.0106902067756297,0.00701317878968458,0.00530670360935361,0.0035085567798128,0.00180083556907586
0.298070224615913,0.361984297554083,27.7522217146524,-3.62603259927167,3.30399484536962,0.000239556539808542,0.00753385276972675,0.0146365893372862,0.00654336542503834,0.00653753539421477,0.00623053650143833,0.00749849021826614,0.00548778585212846,0.00397572207288595,0.00247940272028734,0.00248667724889044
0.355654038411343,0.511657267243193,26.1759114667488,-3.69033808093561,3.35067589310536,0.000204414191492795,0.00608811264157052,0.0162934728760355,0.00809246322633508,0.0091621160220794,0.00972195905433467,0.00883792553623689,0.00614452702178177,0.00431918526435345,0.00341426593909758,0.00288824623715188
0.332116621248699,0.445740473078396,27.7701706828336,-6.14619683447244,3.2274826438838,0.000206025280895376,0.0211929578279624,0.0183095878841063,0.0192897648883439,0.0127935141354598,0.0113733231392989,0.00877068638386434,0.00342196605802288,0.00252578313804464,0.00297680910011036,0.00217029993353673
0.478631392605385,0.919402954018404,22.6119402301001,-5.88736629579034,3.39994541474889,0.000164763931104703,0.043953834563509,0.0321827962993814,0.0439314396247044,0.0343223961211195,0.0161207253611411,0.0137754878572333,0.010143527267231,0.00640677029890125,0.00933734527061268,0.00542098453392233
0.0386039112808744,0.0156607981671146,36.5603399296926,-14.8210502173934,3.01682688286973,0.000106880014986329,0.0116883009289683,0.0170002347084132,0.011806799434026,0.0120294909890518,0.00653096450216,0.00618615496348344,0.00219265851042518,0.00159230308800548,0.00201589932459577,0.000835043236640795
0.034876868687168,0.0147744957469491,36.8039308961917,-12.8167438485017,2.9737602424498,8.61644102242817e-05,0.0211559163425545,0.024686651350795,0.0208930279533253,0.0134953300400598,0.00874321575001927,0.00374040468419811,0.00218352038599793,0.00267026125696475,0.00277772971213982,0.00263831109853089
0.129436538768186,0.0780575917135263,33.0637482273507,-15.5098814759678,3.12317177011532,0.000189956888698447,0.0249421691373348,0.0277656091961474,0.0264517244025144,0.0273541671245574,0.0160575360745644,0.00443995302151996,0.00461278256268305,0.00367824204815562,0.00451023653308957,0.00310058279943301
0.0156355250995622,0.014669926577131,36.1117207312403,-16.1648431363394,3.00485138450462,0.000109651762416612,0.0278709842533812,0.0352203900380578,0.0274343150288612,0.0203316577537142,0.0114067170759794,0.00390312318531256,0.00503606089007162,0.00423047366108459,0.00265013811017133,0.00293980563774631
0.0282511689476269,0.0145987160613003,35.8982345585829,-5.88261430868006,3.02693071069891,0.000136793465830897,0.00410143153377164,0.0143089507795914,0.00430525755390242,0.0112243626375068,0.00213151633849584,0.00737729775618354,0.000908784130305756,0.00376219175100287,0.000871294975356317,0.00130880561037624
0.0400315205826884,0.0161650848600595,36.6003258275431,-14.2360209299956,2.98084086923775,8.99121645599772e-05,0.0342533569378713,0.053639282416202,0.0339907903074354,0.0290450149380661,0.0156402518548567,0.0114249284142582,0.0108206254519701,0.0060022726735431,0.00476269338208861,0.00378386167670116
0.0730002838743046,0.0320697768373204,35.2088553587284,-19.5423537579272,2.99769958839751,0.000150326327238991,0.0415822684055561,0.0637036755270962,0.0406419076286175,0.0263684442780143,0.0144510107010255,0.0136513257588937,0.0134997386799486,0.00698750320458212,0.00500724802067705,0.00503481054590346
0.107470552364261,0.0605429359808016,32.4571407862182,-14.3256103750107,3.00149140329937,0.000279370709744556,0.025443067304239,0.0305296728142625,0.0253484111923428,0.0222447775002055,0.0134937267004965,0.00392894080484562,0.00468800439779361,0.00352809947141583,0.00256451790271647,0.00261061948680133
0.0862937559505459,0.0413738086908162,34.2273084400835,-8.18461478976866,3.0912484124899,0.000140603106335027,0.0303584011612839,0.0340621858770473,0.0314428429212867,0.0314728772840422,0.0177548557195843,0.00782049012383223,0.00787989659244827,0.00687050025046228,0.0070284957265443,0.0038476101643178
0.0581869584116906,0.0227887033948083,36.3192767071043,-11.643772144831,2.98548736037835,0.000111999927331168,0.025591838843832,0.0353051921708481,0.0250345843633574,0.0157490665348074,0.00855824639692599,0.00425935975771047,0.00361262633397646,0.00404974358321612,0.00341929605472002,0.00237096022932847
0.102011425546561,0.0502913241431733,35.8148502432921,-23.3205846376968,2.76782818676123,0.000238582014192792,0.0260715799901766,0.0387570115280654,0.0282860634849944,0.0297062143317242,0.0185143338189157,0.00825538284914858,0.00869421840394464,0.00632742455424429,0.00593677680247294,0.00460590762510134
0.0366091275172469,0.0162691185856261,35.9969753956992,-9.45256829828514,3.05658182799074,0.000119404581776913,0.000813349698574387,0.0207456186956456,0.000416955863298277,0.0139176008455828,0.000363961258182994,0.00833790641748308,0.000269924141353555,0.00360239506417499,0.00013118894093759,0.00125696113048463
0.163651514028537,0.122308722686717,30.1182311390684,-9.73739465952474,3.31686739050358,0.000335432546290961,0.0287891631952051,0.0363709017732279,0.0304139484987202,0.0329461200715237,0.0175861707639308,0.00826772989894947,0.00827014394148104,0.00719781937976067,0.00716501655842021,0.00417422204393769
0.036557679269114,0.0161913086383677,35.8553022841345,-9.92203433191231,3.0610581965728,0.000139070877472819,0.0178070087637653,0.0237287752557831,0.0168040325136174,0.0118477276009483,0.0070360679624719,0.00410227238279453,0.00275060003953961,0.0017234050226028,0.00228811727726823,0.00210996399258246
0.0821437808182007,0.0403199630658851,33.7899284031638,-10.6690420757524,3.1460709359649,0.000186871889841414,0.0199551984278581,0.0298613247390087,0.0198503902083822,0.0131399465258104,0.00842472541410661,0.00439031983903128,0.00249040463087848,0.00271101687022049,0.00291081624583536,0.00242982133553639
0.388821837337052,0.60781808648096,24.0922679367434,-11.3019478650933,3.36721954037382,0.000368213668010432,0.0316191660235738,0.0421051093653064,0.0325554852192815,0.0324298619876062,0.0174875728245115,0.00949698185716015,0.0112366555087168,0.00552933851415586,0.00422888654818641,0.00435550079632964
0.0425184171364081,0.0208587201950792,35.024669322519,-14.4065550931593,3.06631319990779,0.000123027869848324,0.0138202757351604,0.0186089568125409,0.0133787342865878,0.0110907629255114,0.00801700387752312,0.00458408306662369,0.00242029185339834,0.00138250190820529,0.00153659912494509,0.00172950200912073
0.0368656362383408,0.017441924928432,35.825683446086,-15.0331723431175,3.01642928503494,0.000112260567874131,0.0278039970701857,0.0393162998051431,0.0270096749502647,0.0169240460180733,0.00861962638328587,0.00297343108963735,0.00420987423811538,0.00385485631872729,0.0036233578492721,0.00295832297737078
0.160609053221294,0.117737058310173,30.5628523494066,-10.4086482028636,3.18865003925051,0.000315555167002328,0.0389964297361038,0.0570986137301897,0.0378749906772506,0.0287661675832806,0.0158588231999899,0.0131001588213094,0.012740215342054,0.00694657469601029,0.00522751774243412,0.00482251690099236
0.0733791662482882,0.0347804507138503,33.9519636255235,-13.0168283425182,3.04228249389999,0.000203392933556825,0.00887300775505295,0.0199163595721011,0.0111131456005179,0.0136354234571681,0.0101507372400404,0.00512052385411696,0.00341988667101732,0.00464835829003371,0.00230076989432268,0.00141217361564872
0.0973288968125611,0.0578520200913254,31.3594977920931,-9.08405676762805,3.19010144758844,0.000281170191430977,0.0185106076813293,0.0236187933834765,0.0184588230544127,0.0131456942115354,0.00847924409648712,0.00458803613132361,0.00236222170422699,0.00222090513008802,0.00255728412446467,0.00235807497184515
0.738660093049674,2.18030662033055,12.8842880313882,-23.6223917733764,3.63038668679869,0.000148029107835508,0.0251310934259515,0.0595107794884323,0.025179236918494,0.0185398522941279,0.00800595148067139,0.0057024150833273,0.00987298370758114,0.00494418347177495,0.00862606808161244,0.0026122194427882
0.774191185585017,2.39359678472968,12.1770092236967,-41.2158078769591,3.60496437620323,0.000161148414262197,0.0721787867113846,0.0794445053307884,0.0402982883865466,0.00798920328346267,0.01471491828413,0.00961285387714966,0.0131390602479946,0.0125843361617856,0.0118477750545319,0.00852085231539696
0.749156705494217,2.24108687651323,12.7183398826751,-44.3148615060929,3.60529592127196,0.000169449080429985,0.0329398000563978,0.0843480363691168,0.032552884601353,0.00831142418753491,0.0148943402988895,0.0093320280337599,0.0160011078834204,0.00985801892650321,0.0146365355029829,0.00854177847122406
0.811402643758129,2.63110826780961,10.4538084678094,-42.9015864197819,3.65987873755711,0.000164704068998034,0.0317183242690054,0.0864806767499686,0.0348626965681522,0.00759796771293836,0.0180414097345345,0.00903291270391855,0.0165815785010113,0.00823463777203259,0.0140620474147835,0.00627772189813621
0.794105944798914,2.52041283103739,10.9353191025357,-49.6194696824297,3.64826169344997,0.000152805889599935,0.0310996526652884,0.091796469547895,0.0333621533378287,0.00533300483800816,0.0154301663870581,0.00627594060391154,0.0171424489095855,0.0115272637463925,0.0163413889965306,0.0108723434925005
0.759279105752884,2.30214892904785,12.8694545799271,-48.3408508397976,3.5756784860166,0.000212439418229718,0.0407013605467446,0.0890933225907809,0.035361469337292,0.00951607456303674,0.0145797542706351,0.0111721746219003,0.0169024297131029,0.00910475616374697,0.0154483971435607,0.00676586390843465
0.63479536495293,1.61125274635055,17.8256020435859,-44.4766257792938,3.47559411096837,0.000148680962004312,0.0357019095981953,0.117439476916929,0.039221954436076,0.0119423934887513,0.0197108204821832,0.00453017614023727,0.00195289992630696,0.00812734941245854,0.0144514817483367,0.0195423207994454
0.680486339377231,1.84665072705061,16.0878724165355,-52.5270224296599,3.48902199620444,0.00018230088518548,0.0317307483012673,0.0771212002547449,0.0412996926363397,0.0419822467912311,0.0330707725368548,0.0244324931522076,0.0161263205308483,0.00936390192095821,0.00484872194863468,0.00508532007981325
0.493366873072269,0.978249253808217,22.0346289120342,-27.5393852852826,3.35631594735568,0.000152345360621111,0.0373769581108134,0.0593835588499866,0.0338233286523962,0.00761374289708254,0.0080929280892986,0.00701689398407333,0.00826031653637772,0.00948508368189708,0.00922712315397784,0.00793846793809997
0.687537466588619,1.88921223956932,15.5962211150647,-49.4555905531655,3.53271079875387,0.000148125106677886,0.0311746501227258,0.103810790954937,0.0295317986533947,0.010471941333335,0.0155364621397862,0.00382996170703645,0.00118675823688619,0.00955302819997494,0.0136183029483796,0.0203761574897829
0.748243509899283,2.23806279052096,13.1219937090747,-73.8373329642928,3.5685892765967,0.000150395002546192,0.0322917753456771,0.094379345852987,0.00587915980659314,0.0142495373111849,0.00803243773352872,0.0117527077596468,0.0116487096774516,0.0181376456278474,0.0230777228916001,0.0239587410842321
0.708260443985309,2.00479869642092,14.936946907148,-67.1837568617632,3.55189738743189,0.000138027893371304,0.0217372025361106,0.102730541128324,0.0130552011278562,0.0123935029069894,0.0117570194400943,0.0129050116996349,0.0130508678133997,0.0171034436026,0.022147794266986,0.0240253411188705
0.599601426168008,1.43876595536935,17.8800948352786,-18.9964584897688,3.51199867337084,0.000154698808835524,0.0204682759560691,0.0322603824485805,0.0202752273343056,0.00852252018426835,0.00929501213958155,0.00217563573772106,0.00300194877522955,0.00184447937942132,0.00193580701521218,0.0010885389253317
0.731763024269321,2.13788912723168,13.7977066223136,-40.7365499948171,3.56398138216989,0.000146635817621798,0.0757539990961705,0.0690603161513813,0.0391674678299493,0.0102760752945305,0.0103355212933586,0.00967263579188382,0.0103324035108171,0.0128120212116241,0.00883622392968776,0.00877575137920586
0.836653938932676,2.79427112964107,9.49343161928745,-50.6018131549406,3.66403623127592,0.000144878456843964,0.0346085850865345,0.0931191166981814,0.0366801303213893,0.00640557484310514,0.0156920687381393,0.00776934506212744,0.0142463644191469,0.00982852090631044,0.0136930071046044,0.00843158713860482
0.384170711175389,0.599562360365263,23.8226856235669,-9.41787098632553,3.45966963151842,0.000209820646595518,0.00281763453525182,0.0116964553644069,0.00218880635076571,0.00181342522228972,0.000734242200879858,0.00127062470896322,0.000891724181224174,0.000875977636796735,0.000630065247695673,0.0008478049346269
0.656927990634583,1.72324201167274,16.4978904147263,-38.6056435690942,3.50448843018028,0.000127981910087779,0.072417374592429,0.0488107902130279,0.0270166581230061,0.017518343477245,0.00964283918486766,0.0029919607398592,0.00435604740853785,0.00636537236313239,0.00455831439672992,0.0064395782805888
0.603283824509566,1.45761670643687,17.5733456196435,-24.5914695136713,3.52065932275298,0.000143078232150674,0.0897871915086711,0.0197129975447232,0.016516647105002,0.00885637478523036,0.0075353597170486,0.00465186194292967,0.001924077146621,0.00169839206669246,0.00127232596528486,0.00129438274873184
0.398664651002951,0.643568817264696,23.7952568646567,-13.8044804150518,3.4111404083612,0.000168454867805011,0.00498599531724765,0.00176859259946434,0.00488774510798462,0.00141670006455587,0.00131499644529279,0.00138437088920576,0.00131705155809552,0.00173879459730268,0.00148352482796233,0.00135628667066262
0.738100492789552,2.17711664607852,13.3045713134932,-26.6907321903277,3.57910169987038,0.000137171128815865,0.0275608901991565,0.0537519308392123,0.0277735563596647,0.00993464935050768,0.00648439914779143,0.00468260972333539,0.00705231252200143,0.00482272132099454,0.00524369584420565,0.00302476117586843
0.698472551205239,1.95015854990399,14.7206834909538,-23.9358656718823,3.56386143804428,0.000129154004032367,0.0613099345932004,0.0533137958410986,0.0302775045436541,0.0110458346742599,0.00937210087299627,0.00541136859821132,0.0074511578944595,0.00634618727680228,0.0068556329326342,0.00380877738687652
0.578044351344631,1.335715863816,18.2491403204092,-26.028658611824,3.52981901234558,0.000172044556135909,0.0133599039924637,0.0207535243026054,0.0121732313917396,0.0109331640261203,0.00738318427508924,0.00618428102867437,0.00585163033563952,0.0056656490002032,0.00620325369496748,0.00685967641288048
0.80446793974649,2.58686132199734,9.75615677123978,-37.1598966095523,3.74340358515746,0.000132807440549734,0.00558302794877875,0.0515282058720684,0.0137621110402289,0.0313590720265781,0.0135907025809893,0.0161404404413188,0.00489144732757786,0.00417471408006445,0.00541727455252956,0.00488868389452463
0.302648674845757,0.373069064243482,27.4484370877833,-5.82242115697421,3.34377609107791,0.000209086900567651,0.0597494919474755,0.0178710164253139,0.00829280354660643,0.0110705455152661,0.00464956120421489,0.00772034586767947,0.00640868868031962,0.00751325640469554,0.00654363270310458,0.00580891849601617
0.565151853054026,1.27822509042026,20.4022463608982,-14.6607353005363,3.38776198909218,0.000161660919515072,0.0370269566990017,0.0289812767990478,0.0169150001929561,0.0267746685638006,0.0103420719165313,0.0144333493410809,0.0103616543870734,0.00691734814475215,0.00949641139826161,0.00678268199935797
0.590965330972775,1.38912694294165,19.7981239856549,-41.2830247663777,3.37680682370104,0.000174196569570203,0.118142857152263,0.0241413889134118,0.0155975330631399,0.0192951145832472,0.0196728488912516,0.00772256526619628,0.0177412179190189,0.006931111694682,0.0106932329687199,0.00496117389800387
0.881449276188143,3.106413866454,6.52023837248671,-32.1938813688966,3.82170476327149,0.000155363774697098,0.0144910833299652,0.066621323824192,0.0102457969106731,0.0414707301783244,0.0155355498831671,0.0228686430979197,0.0138967998949532,0.00572806837770974,0.00680861241288252,0.00757989318121822
0.644055010912679,1.64989406616126,18.3217045665779,-57.826091400523,3.312466143019,0.000177186733126961,0.0118183400447739,0.0667412328939642,0.0135967505791031,0.0396025623279474,0.0159475659730091,0.0202778802043811,0.0132431798711246,0.00427745772401082,0.00550817990174711,0.00573482037044377
0.428715743313682,0.73860595753473,23.7030384235678,-18.62653259065,3.40387742312432,0.000184792425848767,0.0749960065500462,0.0309726313572074,0.0384585787373007,0.024574399312189,0.0259501386928964,0.0272534371022536,0.0157210535310168,0.0217117902876926,0.0152063291446388,0.0137449400634815
0.614625436137036,1.50841319151209,18.689164319646,-11.0389927361141,3.41018477506139,0.000166323052135147,0.0340910814181233,0.0533011547543423,0.00846006428117065,0.0156519770965044,0.00417703508725043,0.0113107398026422,0.00717819091117341,0.0134017947508293,0.00796372775671457,0.00742573626902558
0.525581405944594,1.10680123450253,21.736154772625,-10.0163401720747,3.37083570906883,0.000163057603018706,0.0171271847410042,0.0395614924550074,0.0261563369208037,0.0401468768834922,0.0232049979307455,0.0173794311870083,0.011687808597891,0.016234062444792,0.0115804413592375,0.00755923839753794
0.620613294517225,1.53623213321198,18.5741360472592,-14.5098612108566,3.40845396154406,0.000157418082681474,0.0170905756994572,0.0658706178344825,0.0179812207546608,0.0200188555288787,0.00741659664774979,0.00268051331182045,0.00399323503900161,0.00327827278177193,0.00509263930851138,0.00269342637308352
0.632152434548235,1.59284591691836,17.5842401852578,-9.65621515586695,3.46800830674055,0.000156726523468186,0.0097497721040352,0.0613184585092028,0.00998491096031387,0.0199835820263538,0.00278475153953073,0.00479277078859309,0.00265107418233697,0.00564789433485425,0.00224402180995409,0.00392976621195877
0.50886769969664,1.03812635726606,22.6456841792602,-12.4671959074983,3.2961752301957,0.000145789502458672,0.0394202548832861,0.0654398964008741,0.0350706984215132,0.0197356530631874,0.00836797483660839,0.00411855000471467,0.00345576119517637,0.00251135975901025,0.00348401864091605,0.00275307982468403
0.606539532877849,1.4722401624135,19.2709507724324,-35.1779324079457,3.37860429475273,0.000121704469468791,0.0439901017023142,0.105815462244991,0.0316234404652587,0.0219591638467614,0.0312985547304269,0.0192494667121831,0.0233749205397197,0.0188824307258793,0.0125301006301021,0.00812740264095393
0.610734596329635,1.49265921483807,18.9833193417909,-27.2492922463187,3.40682187122226,0.000151138401990623,0.0378919776147382,0.0867833404450796,0.0282400147475321,0.0202432429937691,0.0169685261147801,0.00991638287997868,0.0157963618553442,0.0103951939474905,0.0104592682571371,0.00777576116009678
0.567443207617091,1.28429572093096,21.5250464128549,-30.9938193499103,3.26904238445261,0.000143154129683493,0.0367893416102507,0.0907307887466046,0.0201803956407008,0.00894418536424249,0.0159605509994973,0.012311776532375,0.0144893371318699,0.0130923831676057,0.00977586252569708,0.00609013174101884
0.644448713781728,1.65940352808985,17.6095811568461,-15.460093505162,3.42986415580063,0.00020448519435454,0.0117019392878276,0.0713229260203522,0.0102656790109543,0.0171653911851993,0.00649173765378364,0.00464255289387042,0.00408125400645638,0.00131034352899163,0.00100078592517997,0.00169906938434952
0.384414641651647,0.596190734443898,25.7164883113505,-8.82547605915136,3.30732806504763,0.000192990704998598,0.00904687503964271,0.0142004434252644,0.00877784815479794,0.0126409789152936,0.00495617762213695,0.00591557636487676,0.005452133223754,0.00429455805619147,0.00303708476666151,0.00190271426945324
0.662760729447526,1.75647375497673,17.0181827314938,-15.1567606546187,3.45473555122664,0.000134040123771527,0.0246805259145554,0.0979759284145845,0.020113523919036,0.00822126271929841,0.0179817087973521,0.0139405340174912,0.014569401885278,0.0136062806338599,0.00813224669573638,0.00363683440571377
0.540206708975521,1.1687103453033,21.3963624111064,-20.2695372923852,3.31687032460517,0.000136551741534136,0.10649413667456,0.119582266392512,0.129576233545241,0.105548490659737,0.0987596243737318,0.071454637585668,0.0623197889713552,0.0447583520753027,0.0271540760094733,0.0239933101769252
0.513441342950532,1.0554152615406,22.5442491509566,-26.8185077761448,3.29632017416441,0.000142609819145908,0.0370595407448879,0.0522425826563459,0.0343965251157571,0.0127912279777782,0.0102549121846126,0.0116633511114914,0.0102188025090459,0.00909575910094098,0.00681819654055352,0.00530908905413128
0.578789602526358,1.34105243079833,20.171191410667,-20.205566651547,3.38032928883648,0.000153854709338211,0.0438064534369975,0.0990836358838302,0.035798182874803,0.0228452193478948,0.0201297024198347,0.0117838560394356,0.0131836413733804,0.00936717825141479,0.00769143154938196,0.00464988986434806
0.594324029036162,1.41398731522873,19.7927193485908,-26.8986188380152,3.38406628021324,0.000177379147846182,0.038136141946355,0.0993409334098189,0.033670243573461,0.0180894982331871,0.0113937849499333,0.0018431939844277,0.00445131511265264,0.00290213260652146,0.00267864169582885,0.00245826067091014
0.619434485617957,1.53580734228508,18.4905248265695,-21.3768313919846,3.42523076646216,0.00013319349394168,0.0340164190084376,0.0968553958768176,0.0301138766034608,0.0195006127252389,0.0192965581625434,0.00469550461337075,0.0107240510864732,0.00556742345561375,0.00483940500522511,0.00339818602182898
0.513350837900827,1.05521515662216,22.8265891528807,-13.4709345971312,3.26897205902609,0.000155105976437596,0.0573023749096004,0.042141507891151,0.0513040912772173,0.0267393371054265,0.00691572789356734,0.010190638594299,0.00871607963011222,0.0150023697300309,0.0159132552361579,0.017317329237092
0.43793974928294,0.77032384350612,24.7444627177817,-12.4149909422613,3.26661449721402,0.000159497582497009,0.0281166992107619,0.0478044556836833,0.0259651043028617,0.0157186721874094,0.00704865540898913,0.00791820459422967,0.00902290298955998,0.00764100395096509,0.0065480382044489,0.00423722549584173
0.572990413168792,1.31404058412574,20.6506255178421,-33.1534878503003,3.3509664078541,0.000151764090196837,0.0305115977655155,0.0775243548016082,0.0289502984579217,0.0167157146621043,0.00541044721068018,0.00782202785850322,0.00496165698544985,0.00625674071756937,0.00426338410256286,0.00392270515148255
0.612645950612688,1.50159831064035,19.1348844671512,-46.3236955866815,3.40534030179949,0.000145072516947347,0.0370946263760174,0.106204692356373,0.0321360329677904,0.0138907328964081,0.0197257943590257,0.00746456983901086,0.010799004342558,0.00749341125418882,0.00194093897786602,0.00292000532005884
0.617763883613848,1.52715585996966,18.9674631793695,-26.696082611805,3.37637733852415,0.000134679372693823,0.0422737104933494,0.093006288259561,0.0313932794423646,0.0188244867863332,0.0157580445886522,0.00785581724370497,0.0140461371655698,0.00971572154078321,0.00666507030332449,0.00843890314525989
0.650169489986127,1.69275841828747,16.9793136628888,-25.6231848983372,3.51054098382951,0.000128452314301881,0.029262861280332,0.132658992524978,0.0278188945959733,0.00981971153669047,0.0144352415433263,0.00488114978972232,0.00670587812530277,0.000683908460081342,0.00435961103331514,0.00317280560867531
0.711700326202334,2.02393746957211,15.0741506767859,-36.8773487998121,3.50971315049979,0.000130995329133124,0.031101065372172,0.0779705072435627,0.0310319107560442,0.0136249985014694,0.00845225275807878,0.00427366783799783,0.0105743069454792,0.00430737841523608,0.0095216402285994,0.00238336414477097
0.38886378715904,0.608623076218798,26.4245062160071,-19.8133759597756,3.22327275122201,0.000159224524565615,0.0363539525491773,0.0327483764759989,0.0334230783078934,0.0157553681910696,0.00684747393796737,0.00613717459027124,0.00640989799189095,0.00559893014552203,0.00269063305033359,0.0023768414816233
0.510247357005023,1.04260310473978,22.9128875977986,-28.9600403122764,3.26886453460389,0.000139078353775338,0.043533812184267,0.0514420924673001,0.0405502624786079,0.0156485619521638,0.00743548046043663,0.00628232717943441,0.00691624370166637,0.00612802289497199,0.0045399408311792,0.00336532677600923
0.288655420159426,0.339113562483578,29.085977924992,-8.36692760489734,3.16874956056252,0.000199925136941828,0.0468534208473674,0.0219795929758282,0.0214381011145006,0.0184266015075474,0.0151819631857019,0.0116406540733154,0.0112321399832631,0.00746211371848172,0.00511725202923366,0.00449916337863027
0.385030109423596,0.596952684435817,26.6700863234656,-19.5434487928255,3.1880727962334,0.000157040355502374,0.034183588262503,0.0423230798714547,0.0287960763613434,0.0159773970149976,0.00722208294699264,0.00485608009261012,0.00620671537246113,0.00500877194767071,0.00372312256836185,0.00208610951148197
0.432632101510178,0.753996142947586,23.4480014297774,-8.463900567292,3.438080770282,0.00017299482360464,0.0098732208052032,0.0222546881196948,0.00820374248541411,0.00700939225137045,0.00420600074188074,0.00427587098879273,0.00308144573052303,0.00379681761326333,0.00302469616438518,0.00383263909753886
0.376786077564683,0.573928155967357,25.4269472831439,-5.87097203209213,3.33096619543336,0.000186366125282193,0.00549550199175066,0.00384098697976861,0.005406694216498,0.0016887831903256,0.00133930956384399,0.00148164687394911,0.00106275806481745,0.000497237490284059,0.000609442513419935,0.000970282991145182
0.507979294409623,1.0348550111694,21.527072094968,-12.8871179768403,3.44055770138015,0.000142221246210795,0.0122604037467895,0.0196910349459988,0.0123137883777523,0.00580178750330601,0.00489654702574919,0.000891348955557831,0.0014702979891329,0.00178815960178167,0.00154474955667758,0.00179510089111764
0.720493830534414,2.07322332953457,14.9603063877643,-40.3326303374222,3.49674163238881,0.000176181496989688,0.0351056538658656,0.0979995641980411,0.0355806494147534,0.0103552514855189,0.0151531107525115,0.011836922373845,0.0142984066848509,0.0104233741722306,0.0144122332307453,0.00850332970022004
0.656578038759805,1.7224670530037,16.4892075371099,-18.1058709991675,3.51227956003836,0.000120586894132218,0.0240061703060704,0.0644021271168556,0.024816844333394,0.0177491740840158,0.00807928060116732,0.00400985377690758,0.00798156968517867,0.00313838801669608,0.00708772781219486,0.00215769481669361
0.647020998305445,1.6722191528118,17.3399332120141,-19.7976723915797,3.48365903128547,0.000143708953579343,0.0275510439823078,0.0606064633897796,0.0290500592315046,0.0150736284230317,0.0104244293707629,0.00331731037579552,0.0085019628338902,0.00412814402513922,0.00796760325704154,0.00339999546553078
0.324469228014529,0.426631350163767,28.2354645343198,-12.9015627454345,3.18622039395679,0.000172893582553416,0.0201178227087854,0.02893570505274,0.0179578051124396,0.0142591070557209,0.00669800644217282,0.00824633703793479,0.0087481642610772,0.00950353405852278,0.00719370568399148,0.00510525125164218
0.727603777063534,2.11414425196229,14.3489429678326,-32.5423644738845,3.54004964210888,0.000153322872402373,0.0300804168550954,0.080974121322769,0.0325297345086039,0.00501080784042615,0.0138082578009595,0.00562326134903802,0.0138455495535305,0.00652169748205089,0.0146274047507397,0.00470726000622137
0.52446625582272,1.1042332921756,20.3553347918954,-7.05015400792046,3.4945528730583,0.000148837611793731,0.0234263949675032,0.00888650647276049,0.00704766178844135,0.00319435611130268,0.00258046169754703,0.00299710183675713,0.00158726522678321,0.00230119159795837,0.00138455739916927,0.00113255504656219
0.696068254589299,1.93592565310552,15.0836613439627,-19.0864378002863,3.56085784212058,0.000140531725747448,0.03348609476845,0.0724830239412905,0.0284047055210519,0.0161320161283597,0.00796430434243915,0.00376263443881255,0.00784966041410983,0.00453053933388542,0.00808002552190755,0.00285779883947309
0.568728901950911,1.2949869487572,19.4436779067668,-19.1142511516566,3.45758810248676,0.000136289361415088,0.0231068820915667,0.033517598887402,0.0182002314173066,0.0089595982717918,0.00951080789124638,0.00119942747583416,0.00314768658118454,0.00189959411479909,0.00149567392854669,0.00175873078793973
0.72649727707282,2.10863266990891,14.5444425825494,-54.771480866555,3.50729439760792,0.000192914375436254,0.0336227422886823,0.0920677892700232,0.0356427617993934,0.00896563497851614,0.0166586276843223,0.0112793162575467,0.014717384369641,0.0102560041774474,0.0129627090726875,0.00755525586678831
0.56671114494419,1.28526982143646,19.819098895983,-23.0981174083645,3.45659974457003,0.000145422184048941,0.0311429822069999,0.0362722596754719,0.0220779551792412,0.0149922378559553,0.00809894475092297,0.00215490764832663,0.00503229747070802,0.00253731506577793,0.00452427312830648,0.0030258256627236
0.608615045951769,1.48071721600776,18.8790297133175,-34.0962144978532,3.44548825507248,0.000132630549053959,0.0370022066448344,0.0540154662862644,0.0230569036442277,0.0158389424510243,0.00795833736673792,0.00558985610150215,0.00554445602884259,0.00566859477787271,0.00633577320463849,0.00335775006025098
0.725044917578104,2.10150347239857,14.9350711369153,-58.1428872920586,3.48799322981287,0.000183425390363734,0.0335347668528075,0.0933330550611931,0.0337680334130649,0.0093319375141783,0.0149974674942319,0.0102381523524393,0.0180193680984497,0.00802882359951983,0.016452527864828,0.00688500747803623
0.44083336510236,0.781340676635651,23.9950966182305,-20.342905925727,3.32793423982573,0.000145809263300715,0.0215317652772349,0.0252166365934134,0.0201763142302444,0.0148641049319853,0.00946651290073082,0.0047092173429842,0.00279530076860051,0.00273498761889887,0.00231232245017127,0.0028358347237617
0.72656179907684,2.10884988107793,14.7247929323077,-32.7677053564495,3.4965417407013,0.000166678323879746,0.0323755498727993,0.0878075007188553,0.0327734951655869,0.00901248216845456,0.0141414602064308,0.0101289572861157,0.0178715684308607,0.00860087118551238,0.0157261407883004,0.00717179821664052
0.527291234899165,1.11375039986578,21.2404256094391,-11.2109645278284,3.4028936139296,0.000144177869326385,0.0137230250339161,0.0175623739605681,0.0139283288930603,0.011070769003595,0.00478905589574535,0.00137217391799446,0.00222543090830274,0.00224646906783704,0.00213648354825395,0.00215737287913896
0.679581500507923,1.84638779566663,15.9490530495953,-26.5505596730799,3.53216710337528,0.000147537910424579,0.076680991002369,0.0556413742337314,0.0404216558815549,0.0217008397577366,0.00798780811885976,0.0148924074248457,0.0117229257111213,0.0138855705245926,0.0135055410274438,0.0102443467453164
0.738167559755071,2.17778875471313,13.6838422405923,-21.1381589138034,3.57996601422047,0.000165088190043,0.0354742949267926,0.0757253715960488,0.0365844630244923,0.00199551432352081,0.0140094136222957,0.00309619976804995,0.0144827538390003,0.00520377277996339,0.0122668133913676,0.00448417530917135
0.66004188722263,1.74076116083736,16.9090468171851,-20.9671737705625,3.45837377550023,0.000179974342303004,0.0347796964218828,0.0974961517410714,0.0346587185709061,0.010727442357929,0.0147372119563073,0.00740584434748569,0.0141076951823553,0.00561090003902098,0.0147046059592757,0.00290955705312788
0.488384980381873,0.956072395817813,22.0552723723728,-27.0209580094128,3.41528775051858,0.000137368164669064,0.0595249783291161,0.0119176735322009,0.00993087372960577,0.00622442142800189,0.00496999976229394,0.00153411605394459,0.00248484464572912,0.00211143670852227,0.0022276920277526,0.00169595630304948
0.57413973875435,1.32091704409471,19.2673439845604,-7.26443318459628,3.47707596511103,0.000143977324613559,0.022444092770986,0.0274387326082657,0.0216937260142744,0.0169615317155244,0.00800238549026104,0.00233379571555766,0.00200857821343418,0.00220276800208216,0.00232394815456674,0.00187777374003254
0.603011675221836,1.45352755794056,18.6563214445171,-18.0771663098787,3.48197798757218,0.000155759668264531,0.0215025585623712,0.0462443056696954,0.0225368809346901,0.0187991122546095,0.00803417383414193,0.00335748744247365,0.0058084071965275,0.00302174764310275,0.00591375481154426,0.0024338448838107
0.744123624195558,2.2146894361371,13.1382462115428,-30.8710706718269,3.61785231498393,0.000187816457314027,0.0315639986211757,0.0926311876156456,0.0325441307735588,0.009726123450094,0.0159441815516072,0.0112950444480616,0.0174267639828138,0.00957070237439995,0.0151189183140166,0.007003390510886
0.616887430102387,1.52153952088903,18.5908301283047,-34.5386558962285,3.43831422412906,0.000125596258446484,0.0405647044387226,0.0445261470238306,0.0390627203098644,0.0159912365359971,0.0252159874532402,0.0186749080808755,0.0194761742697388,0.0149881518658352,0.0152505049158691,0.0149011620238532
0.706492000126207,1.99194906883724,15.506589441973,-42.5427572023826,3.48414528924631,0.00019496597004242,0.0368087174797288,0.0866058097792445,0.036204433510697,0.0100501893402777,0.0152758665821266,0.0109835809356133,0.0152958969289418,0.00833593875570066,0.014162314274883,0.00704316880574438
0.596395258628466,1.42271239354248,18.6618492343374,-22.9013861641837,3.49469756424175,0.000180066581872703,0.019135365262706,0.0483104396980205,0.0209168001055022,0.0177681286445328,0.0102824266874564,0.00252834725967732,0.00368818884502657,0.0017613554566923,0.00412091431914022,0.00220693598733318
0.691854609399791,1.91088860575656,15.7391521131872,-40.3929626062659,3.50988940759434,0.000136197356200147,0.0331640510469831,0.06902460288541,0.0347110438182994,0.00995027332088304,0.0116703147359541,0.00512900088923867,0.010151902466365,0.00300023497910263,0.011103793589144,0.00323042273191195
0.413559432134927,0.68873983836543,24.5624417388766,-13.3463848152795,3.35354909878257,0.000157060306586721,0.00490446689105127,0.00362011635320823,0.0047024550262187,0.00354792429017755,0.0020772670219093,0.00119442663907832,0.00176048442837692,0.00173994342669249,0.00131233471568755,0.00172532000684822
0.700373826152631,1.96129828795343,15.8582879448329,-32.7266518030312,3.4687987796462,0.000178148514958508,0.0320355437611241,0.0839475579890675,0.0317139156504519,0.00873577507553893,0.0133718282445191,0.00896165907166742,0.0163525861420022,0.00550067400982819,0.0142184957675535,0.0055697432954464
0.416051741778979,0.698170286939625,24.1146898032796,-6.95506057308781,3.41531266070603,0.000155373324303915,0.0224363408728861,0.0149798101303538,0.00834513618090983,0.00267088197036305,0.00751367799171239,0.00360843387428842,0.00367859114385069,0.0028787533136901,0.00329616160594505,0.00337066271137825
0.668657439592155,1.78661601402445,16.7065084161224,-32.9094629978341,3.47801073832727,0.000129575739279204,0.0334743875918497,0.0727748917060484,0.0341628053993929,0.0152144443078829,0.0100693326241242,0.00510630526145787,0.0103731488085507,0.00551188750289044,0.00965620497197467,0.00421325486538026
0.478818452289987,0.918050064703589,22.8565138730742,-21.1169479392848,3.36056383224388,0.000154120005992447,0.014246895095028,0.0184747415287974,0.0154533122532999,0.0160899438000859,0.00848126672804208,0.00232468512582754,0.00306360661961492,0.00238117328083054,0.00179462137555236,0.0021404721232552
0.394500695848132,0.627941806133921,24.967526772315,-13.8902951825617,3.3727552450692,0.00015851108547151,0.00394014789600507,0.00880871791933972,0.0051610123665984,0.0063305650463764,0.00424411903259674,0.0019161807341373,0.0019618177885362,0.00243212294982773,0.0020678566410896,0.00184156493048964
0.65170009517431,1.69239548105463,17.7978747342356,-47.6525046467787,3.41838345848643,0.000138247585889983,0.0468309593654623,0.0549713953917864,0.0457149789077041,0.0337770982917916,0.0303565412207011,0.022548744793976,0.0207123473540939,0.0239666411071375,0.0185598689900284,0.0251059383013024
0.39952711784551,0.644283004557051,24.9302644355511,-16.6961178440629,3.36393080889773,0.000155396018109279,0.0236032155480896,0.0147358473884057,0.018302065946004,0.0122958786498865,0.00694048938012735,0.00749478316381485,0.00696958558409949,0.00636273505148045,0.00370619269296851,0.00325689600054098
